m,run,tflops,power,powermon
512,16.457398732503254,20.264550485628387,78.72141666666666,80.61749999999999
1024,24.6348778406779,88.43436614618541,90.89608333333332,100.42473333333334
2048,147.1558411916097,118.88599662253841,150.20083333333332,185.03794447558872
4096,567.052960395813,242.46004327306363,151.835,350.8694400143527
8192,3901.077230771383,281.86659694647267,236.7543333333333,462.95663850959266
