m,run,tflops,power
256,20.608637068006725,1.628646756879518,71.41033333333333
512,21.425882975260418,12.528674960011026,71.295
1024,34.289095136854385,62.62934081129057,73.53066666666666
2048,143.4596379597982,119.91542801876061,95.6365
3072,314.93345896402997,184.1100093547919,197.74433333333332
4096,675.8430269029406,203.37152371465842,230.33816666666667
8192,4337.943394978841,253.46436133395525,257.0775
