m,run,tflops,power
256,35.029119915432396,0.973857429581947,40.67825
512,36.76321771409777,7.30182213662357,46.387499999999996
1024,64.62229622734918,33.39152963043504,89.6305
2048,301.0217348734538,57.07446522328802,121.08999999999999
3072,901.6974767049154,64.30460774961871,85.66466666666668
4096,1989.5205232832166,69.08168244320714,126.92
8192,15132.76603486803,72.6577701216617,131.80825000000002
