{"mat_sizes": [2, 4, 8, 16, 32, 64, 128, 256, 512, 1024], "torch_time": [6.083286169803504e-06, 6.090510975230824e-06, 6.126635002367424e-06, 6.06642829047309e-06, 6.32411301738084e-06, 1.1716226134637389e-05, 1.898678866299716e-05, 0.00011048894940000592, 0.00043752940014155225, 0.0031798825119480944], "ttnn_time": [2.366364604294902e-05, 2.3157909663036617e-05, 2.319162542169744e-05, 2.264494847769689e-05, 2.1563635932074652e-05, 2.675104622889047e-05, 2.7473526771622476e-05, 2.4564338452888258e-05, 2.7752885914812184e-05, 5.3263673878679375e-05]}