{"mat_sizes": [2, 4, 8, 16, 32, 64, 128, 256, 512, 1024], "torch_time": [8.214603770862926e-06, 7.67996816924124e-06, 7.701642585523201e-06, 7.993043071091777e-06, 9.254975752397018e-06, 9.530963319720644e-05, 0.00010391678472962042, 0.00013847543735696812, 0.0008296051410713581, 0.0033513945762557213], "ttnn_time": [0.0031453238593207467, 0.00015298766319197838, 0.00014978225785072403, 0.0001503024438414911, 0.0001791005182747889, 0.003864916888150302, 0.003995555819887103, 0.004630071948273013, 0.005666178886336509, 0.006029646806042604]}