{"mat_sizes": [2, 4, 8, 16, 32, 64, 128, 256, 512, 1024, 2048, 4096], "torch_time": [6.8539320820509785e-06, 6.167575566455571e-06, 6.2566815000591856e-06, 6.174800371882892e-06, 6.3168882119535195e-06, 6.8924643776633525e-06, 2.2994147406684027e-05, 4.61111165056325e-05, 8.228571728022411e-05, 0.00021884176466200087, 0.0023653290488503194, 0.0029905902014838327], "ttnn_time": [0.0001766416761610243, 0.00011639161543412642, 0.00012216423497055516, 0.00011829414752998737, 0.00011498759491275055, 0.00017691862703573825, 0.0006865756680267026, 0.0013159621845592153, 0.0011101539688880997, 0.0008542923012165108, 0.0006883963189943872, 0.0006953851141110816]}