{"mat_sizes": [2, 4, 8, 16, 32, 64, 128, 256, 512, 1024], "torch_time": [6.821155548095703e-06, 6.358623504638672e-06, 6.403923034667969e-06, 6.6375732421875e-06, 6.92129135131836e-06, 3.9243698120117186e-05, 1.7364025115966796e-05, 0.00012728691101074219, 0.0006084752082824707, 0.003159804344177246], "ttnn_time": [0.003154299259185791, 2.5277137756347655e-05, 2.4440288543701173e-05, 2.451896667480469e-05, 2.341747283935547e-05, 0.0049157547950744625, 0.005160114765167236, 0.005313048362731934, 0.005409941673278808, 0.005489163398742676]}