{"mat_sizes": [2, 4, 8, 16, 32, 64, 128, 256, 512, 1024], "bshard_HiFi_f32": [0.6662192344665527, 0.015326738357543945, 0.017441272735595703, 0.01694011688232422, 0.018454551696777344, 0.6656980514526367, 0.6662747859954834, 0.7127997875213623, 0.9782578945159912, 1.2746577262878418], "bshard_LoFi_f32": [0.6034440994262695, 0.038306474685668945, 0.016707181930541992, 0.016170501708984375, 0.01841902732849121, 0.5980327129364014, 0.6184558868408203, 0.6013152599334717, 0.6223006248474121, 0.6231369972229004], "progcache_f32": [0.33795976638793945, 0.002277374267578125, 0.0024237632751464844, 0.0025107860565185547, 0.002321004867553711, 0.37526631355285645, 0.7796885967254639, 0.5576744079589844, 0.5726633071899414, 0.40706562995910645], "progcache_bf16": [0.32826709747314453, 0.002611398696899414, 0.002328157424926758, 0.0026187896728515625, 0.0022454261779785156, 0.5710058212280273, 0.572263240814209, 0.5659382343292236, 0.5841860771179199, null]}