{"mat_sizes": [2, 4, 8, 16, 32, 64, 128, 256, 512, 1024], "torch_f32": [2.774325284090909e-06, 2.598521685359454e-06, 2.605746490786774e-06, 2.6635449342053345e-06, 3.838779950382733e-06, 1.8187243529040403e-05, 4.1894238404553344e-05, 0.00015702873769432606, 0.000600150137236624, 0.003923033223007665], "hshard_HiFi_f32": [0.00022189785735775725, 0.000167485439416134, 0.00017317617782438644, 0.00017259096858477353, 0.00017386494260845762, 0.00024748089337589763, 0.0002984567122025923, 0.0003460200145991162, null, null], "wshard_HiFi_f32": [0.00019964064010465988, 0.00016913751159051453, 0.00016167910412104444, 0.00018264548947112728, 0.00015582219518796362, 0.00027349500945120144, 0.00028278129269378356, 0.0003562671969635318, null, null], "bshard_HiFi_f32": [0.003368293396150223, 0.0001974876480873185, 0.00019632686268199575, 0.00019077580384533816, 0.00017789397576842644, 0.0034069581465287642, 0.003498852855027324, 0.0035989067771218038, 0.003938359443587486, 0.006446693882797704], "bshard_LoFi_f32": [0.002864678700764974, 0.00018644573712589766, 0.00017301964037346119, 0.0001687401472920119, 0.00017725337635387075, 0.0029319247814139937, 0.0030704363427980982, 0.0031461306292601306, 0.003252511072640467, 0.003473671999844638], "progcache_f32": [1.929504702789615e-05, 1.9906747220742582e-05, 2.0036793718434344e-05, 2.083874712086687e-05, 2.0077734282522492e-05, 1.9246881658380683e-05, 2.0674984864514285e-05, 2.5566178138809976e-05, 4.074790261008523e-05, 5.429441278631037e-05], "progcache_bf16": [1.972371881658381e-05, 1.8921765414151277e-05, 1.9913972026169902e-05, 1.999826142282197e-05, 1.952624080157039e-05, 2.0725558502505524e-05, 2.2117537681502524e-05, 3.099923182015467e-05, 4.956457349989149e-05, 5.479292436079545e-05]}