conf,m,grid_size,in0_storage_type,in1_storage_type,out_storage_type,dtype,math_fidelity,conversion_in0,conversion_in1,transfer_in0,transfer_in1,tilization_in0,tilization_in1,inference_avg,iters
f16_m2,256,0.0,DRAM,DRAM,DRAM,DataType.BFLOAT16,MathFidelity.HiFi2,255.28112025539997,221.67582109525,331.222367719,356.1001314619,415.0135264247,287.79554583145,328.67747569414996,100.0
f16_m2,512,0.0,DRAM,DRAM,DRAM,DataType.BFLOAT16,MathFidelity.HiFi2,434.2342375476,246.68940347704998,714.68734127635,484.14310138985,327.4266384107,325.49851697595,343.82467951045,100.0
f16_m2,1024,0.0,DRAM,DRAM,DRAM,DataType.BFLOAT16,MathFidelity.HiFi2,516.3167622675,240.49416596275,1018.2789177514001,967.62759254955,402.89929376365,352.22995022835,498.7971223806,100.0
f16_m2,2048,0.0,DRAM,DRAM,DRAM,DataType.BFLOAT16,MathFidelity.HiFi2,406.4730839902,220.7592487355,3576.62430759415,3475.65198208035,715.50491819765,698.0756654565,1176.13535212435,100.0
f16_m2,3072,0.0,DRAM,DRAM,DRAM,DataType.BFLOAT16,MathFidelity.HiFi2,572.6618954706,415.50294367094995,7966.99729685705,7708.303607931,1662.727073614,1511.2636482396501,2542.3224166595,100.0
f16_m2,4096,0.0,DRAM,DRAM,DRAM,DataType.BFLOAT16,MathFidelity.HiFi2,615.4062202691,410.59812670485,13903.590998401349,13678.708079235199,2306.8928675795996,2205.8984901493,4783.7537485544,100.0
